"plot","GenusSpecies","basal_area","ResinP"
"P08","Tapirira guianensis",17.0097843821408,0.77
"P08","Welfia regia",9.15053729930803,0.77
"P08","Tabebuia guayacan",8.44431494831549,0.77
"P08","Trattinnickia aspera",6.16929810391447,0.77
"P08","Pourouma bicolor",3.56739305013147,0.77
"P08","Virola sebifera",2.86953199987099,0.77
"P08","Zanthoxylum ekmanii",2.65685502138705,0.77
"P08","Maranthes panamensis",2.49946006737216,0.77
"P08","Terminalia amazonia",2.49794948081412,0.77
"P08","Tetragastris panamensis",2.45525023410689,0.77
"P08","Hieronyma alchorneoides",1.96648430303237,0.77
"P08","Socratea exorrhiza",1.85635301672981,0.77
"P08","Brosimum costaricanum",1.68344120871965,0.77
"P08","Schizolobium parahyba",1.66888786398842,0.77
"P08","Poulsenia armata",1.63741594980716,0.77
"P08","Tachigali versicolor",1.61717681170702,0.77
"P08","Sterculia apetala",1.34130287954542,0.77
"P08","Jacaranda copaia",1.32057109970293,0.77
"P08","Cordia bicolor",1.17821941038404,0.77
"P08","Inga cocleensis",1.1653508459761,0.77
"P08","Heisteria concinna",1.13659526582173,0.77
"P08","Schefflera morototoni",1.04287902011652,0.77
"P08","Protium panamense",0.983073401306099,0.77
"P08","Dendropanax arboreus",0.980030453969366,0.77
"P08","Cespedesia spathulata",0.979701118881937,0.77
"P08","Perebea xanthochyma",0.955518125065408,0.77
"P08","Brosimum guianense",0.93103301393727,0.77
"P08","Xylopia macrantha",0.917742574004112,0.77
"P08","Guatteria dumetorum",0.915216764407968,0.77
"P08","Trichilia tuberculata",0.866877994550729,0.77
"P08","Oxandra longipetala",0.854156406132219,0.77
"P08","Pseudolmedia spuria",0.77874139288873,0.77
"P08","Pouteria torta",0.739643057922557,0.77
"P08","Calophyllum longifolium",0.713497662469368,0.77
"P08","Guettarda ramuliflora",0.643482655948669,0.77
"P08","Lonchocarpus heptaphyllus",0.639985171755733,0.77
"P08","Oenocarpus mapora",0.61371457453377,0.77
"P08","Pterocarpus rohrii",0.606368496839812,0.77
"P08","Chimarrhis parviflora",0.580468061369008,0.77
"P08","Virola multiflora",0.547153503764695,0.77
"P08","Apeiba membranacea",0.522156698451132,0.77
"P08","Lindackeria laurina",0.514788846536518,0.77
"P08","Matayba apetala",0.512208601388733,0.77
"P08","Hymenaea courbaril",0.510303357081296,0.77
"P08","Hirtella triandra",0.477560372769214,0.77
"P08","Couratari guianensis",0.467772860584156,0.77
"P08","Ficus maxima",0.455301675703195,0.77
"P08","Andira inermis",0.444768396460655,0.77
"P08","Cecropia insignis",0.414719971954804,0.77
"P08","Neea delicatula",0.411679746395652,0.77
"P08","Cinnamomum triplinerve",0.405533972615379,0.77
"P08","Casearia arborea",0.399254831733586,0.77
"P08","Beilschmiedia pendula",0.338050219245989,0.77
"P08","Protium costaricense",0.330015531823772,0.77
"P08","Casearia commersoniana",0.309588591070474,0.77
"P08","Protium tenuifolium",0.275563649517245,0.77
"P08","Platymiscium pinnatum",0.246413411613471,0.77
"P08","Inga goldmanii",0.235259567082223,0.77
"P08","Aspidosperma spruceanum",0.232415309508979,0.77
"P08","Inga thibaudiana",0.230284157662233,0.77
"P08","Laetia procera",0.205902474082213,0.77
"P08","Ocotea puberula",0.197854177772086,0.77
"P08","Warszewiczia coccinea",0.162043750125032,0.77
"P08","Virola surinamensis",0.150601397170086,0.77
"P08","Simarouba amara",0.14701137253936,0.77
"P08","Alchornea latifolia",0.136143314654227,0.77
"P08","Spondias mombin",0.13535127737785,0.77
"P08","Desmopsis panamensis",0.13198171673127,0.77
"P08","Trichospermum galeottii",0.130539174612783,0.77
"P08","Maquira guianensis",0.109845499656444,0.77
"P08","Casearia sylvestris",0.10522392132212,0.77
"P08","Apeiba tibourbou",0.103525532110919,0.77
"P08","Cupania scrobiculata",0.103495592557517,0.77
"P08","Miconia multispicata",0.0901561606278814,0.77
"P08","Cassipourea elliptica",0.0833544384503342,0.77
"P08","Licania hypoleuca",0.0828808491510571,0.77
"P08","Alseis blackiana",0.0812178430484236,0.77
"P08","Inga spectabilis",0.0795874982767746,0.77
"P08","Xylopia frutescens",0.076819450475828,0.77
"P08","Astrocaryum standleyanum",0.0664113730020622,0.77
"P08","Pouteria campechiana",0.0616264880128152,0.77
"P08","Abarema barbouriana",0.0595878766038585,0.77
"P08","Guarea bullata",0.0587359602206763,0.77
"P08","Jacaratia spinosa",0.0572253736626376,0.77
"P08","Pera arborea",0.0518335322725931,0.77
"P08","Ficus pertusa",0.0510850434375289,0.77
"P08","Chrysophyllum hirsutum",0.0341419779892569,0.77
"P08","Inga pezizifera",0.0330151620702875,0.77
"P08","Croton billbergianus",0.0317468137170514,0.77
"P08","Maytenus schippii",0.0317468137170514,0.77
"P08","Ficus apollinaris",0.0300075978421203,0.77
"P08","Miconia argentea",0.0300075978421203,0.77
"P08","Bactris coloradonis",0.0260800727912197,0.77
"P08","Talisia nervosa",0.0182304662445825,0.77
"P08","Dipteryx oleifera",0.0129583830681483,0.77
"P08","Sorocea affinis",0.0124875155464533,0.77
"P08","Lacmellea panamensis",0.0104625130254068,0.77
"P08","Geonoma cuneata",0.0093030357754528,0.77
"P08","Cupania rufescens",0.0092132171152451,0.77
"P08","Synechanthus warscewiczianus",0.00913700734294765,0.77
"P08","Quassia amara",0.00823337718570647,0.77
"P08","Bactris barronis",0.00768902166929613,0.77
"P08","Bactris coloniata",0.00666835507602673,0.77
"P08","Coccoloba manzinellensis",0.0065349879745062,0.77
"P08","Erythrina costaricensis",0.0048039374323213,0.77
"P08","Crossopetalum parviflorum",0.00457530811542895,0.77
"P08","Nectandra purpurea",0.00457530811542895,0.77
"P08","Faramea luteovirens",0.00415615436779299,0.77
"P08","Geonoma congesta",0.00382409750278268,0.77
"P08","Nectandra cissiflora",0.00261562825635171,0.77
"P08","Piper colonense",0.00198417585731571,0.77
"P08","Aulomyrcia zetekiana",0.00144526389606947,0.77
"P08","Swartzia simplex",0.00138538478926433,0.77
"P08","Bactris maraja",0.00120030391368481,0.77
"P08","Hirtella americana",0.00120030391368481,0.77
"P08","Guatteria amplifolia",0.00108871103282069,0.77
"P08","Eschweilera pittieri",0.00088185593658476,0.77
"P08","Pentagonia macrophylla",0.00088185593658476,0.77
"P08","Erythroxylum macrophyllum",0.000696775061005242,0.77
"P08","Ocotea dendrodaphne",0.000612399955961639,0.77
"P08","Piper aequale",0.000612399955961639,0.77
"P08","Chrysophyllum argenteum",0.000329335087428259,0.77
"P08","Rinorea lindeniana",0.000329335087428259,0.77
"P06","Terminalia amazonia",11.2312978896471,1.22
"P06","Tabebuia guayacan",11.1310177892236,1.22
"P06","Tapirira guianensis",8.43818776749867,1.22
"P06","Lindackeria laurina",7.37550235313454,1.22
"P06","Jacaranda copaia",6.41422593409022,1.22
"P06","Hieronyma alchorneoides",5.16112814664679,1.22
"P06","Oenocarpus mapora",5.03635469486399,1.22
"P06","Virola sebifera",3.5204648471299,1.22
"P06","Miconia poeppigii",3.32414309643481,1.22
"P06","Virola multiflora",2.20151214044952,1.22
"P06","Enterolobium schomburgkii",2.1319526527624,1.22
"P06","Casearia arborea",1.65305261534586,1.22
"P06","Guatteria dumetorum",1.58514367795832,1.22
"P06","Cordia bicolor",1.51018424176022,1.22
"P06","Matayba apetala",1.50162583279942,1.22
"P06","Vatairea erythrocarpa",1.4150554884445,1.22
"P06","Platypodium elegans",1.40648485318518,1.22
"P06","Tetragastris panamensis",1.39341901550503,1.22
"P06","Tachigali versicolor",1.38239904510978,1.22
"P06","Protium panamense",1.20206114200719,1.22
"P06","Henriettella fascicularis",1.18646853596718,1.22
"P06","Alseis blackiana",1.17092075968839,1.22
"P06","Ormosia coccinea",1.16370316813145,1.22
"P06","Hirtella americana",0.993737241602785,1.22
"P06","Couratari guianensis",0.931171196666492,1.22
"P06","Ocotea puberula",0.896436282584155,1.22
"P06","Simarouba amara",0.892083720312662,1.22
"P06","Vochysia ferruginea",0.797729299236252,1.22
"P06","Astrocaryum standleyanum",0.769600661785086,1.22
"P06","Luehea seemannii",0.70527810529541,1.22
"P06","Pachira sessilis",0.67218559064698,1.22
"P06","Inga cocleensis",0.66902713019716,1.22
"P06","Zuelania guidonia",0.61669857255112,1.22
"P06","Cupania scrobiculata",0.600372388600183,1.22
"P06","Miconia argentea",0.547171688326709,1.22
"P06","Cupania seemannii",0.500047458415404,1.22
"P06","Attalea butyracea",0.485078393599679,1.22
"P06","Abarema barbouriana",0.430952570071871,1.22
"P06","Myrcia gatunensis",0.396519238019582,1.22
"P06","Pseudobombax septenatum",0.379117139799287,1.22
"P06","Trattinnickia aspera",0.372612748989079,1.22
"P06","Schefflera morototoni",0.366788955462896,1.22
"P06","Neea delicatula",0.354501525454889,1.22
"P06","Lacistema aggregatum",0.290725076965568,1.22
"P06","Hirtella triandra",0.262608665812918,1.22
"P06","Casearia commersoniana",0.260534270498133,1.22
"P06","Poulsenia armata",0.260522044199618,1.22
"P06","Inga pezizifera",0.222962855160217,1.22
"P06","Annona spraguei",0.217469171693951,1.22
"P06","Protium costaricense",0.214893498140034,1.22
"P06","Lonchocarpus heptaphyllus",0.211857300675369,1.22
"P06","Aspidosperma spruceanum",0.197369136934584,1.22
"P06","Nectandra purpurea",0.190473504571882,1.22
"P06","Ryania speciosa",0.18539551525514,1.22
"P06","Ormosia macrocalyx",0.183166253492493,1.22
"P06","Pourouma bicolor",0.176038321457997,1.22
"P06","Andira inermis",0.174118792591075,1.22
"P06","Henriettea succosa",0.163017313539065,1.22
"P06","Erythroxylum macrophyllum",0.142737959734805,1.22
"P06","Protium tenuifolium",0.130503510353698,1.22
"P06","Tabebuia rosea",0.126240607604652,1.22
"P06","Byrsonima crassifolia",0.121973629422767,1.22
"P06","Quassia amara",0.108699944667848,1.22
"P06","Celtis schippii",0.0916972388657239,1.22
"P06","Coccoloba manzinellensis",0.0721392366738746,1.22
"P06","Licania hypoleuca",0.0688748149702548,1.22
"P06","Myrciaria floribunda",0.0687851554478084,1.22
"P06","Xylopia macrantha",0.0678192778650894,1.22
"P06","Trichilia tuberculata",0.0653128866694263,1.22
"P06","Maquira guianensis",0.0649501731468019,1.22
"P06","Astronium graveolens",0.0616572234133127,1.22
"P06","Casearia sylvestris",0.0557111669019754,1.22
"P06","Hirtella racemosa",0.0529643251688421,1.22
"P06","Brosimum guianense",0.0527279500642105,1.22
"P06","Virola surinamensis",0.0511222295258507,1.22
"P06","Eugenia oerstediana",0.0493127373455671,1.22
"P06","Lozania pittieri",0.0493127373455671,1.22
"P06","Calophyllum longifolium",0.0440798815809631,1.22
"P06","Pseudolmedia spuria",0.0425515942665344,1.22
"P06","Myrcia splendens",0.0425475188336959,1.22
"P06","Heisteria concinna",0.039658036951216,1.22
"P06","Sorocea affinis",0.0266003501367369,1.22
"P06","Perebea xanthochyma",0.0218361691485577,1.22
"P06","Hasseltia floribunda",0.0211270438346628,1.22
"P06","Inga sertulifera",0.0205564832372761,1.22
"P06","Oxandra longipetala",0.0123404106349072,1.22
"P06","Rinorea sylvatica",0.0112033648729722,1.22
"P06","Amaioua corymbosa",0.0108610285145402,1.22
"P06","Swartzia simplex",0.0101641294991607,1.22
"P06","Miconia affinis",0.010115224305099,1.22
"P06","Alibertia edulis",0.00758438051240499,1.22
"P06","Xylopia frutescens",0.00733985454209639,1.22
"P06","Vismia baccifera",0.00707495140759541,1.22
"P06","Guatteria amplifolia",0.00668778528794013,1.22
"P06","Guarea glabra",0.00460523910747858,1.22
"P06","Ocotea cernua",0.00366788955462896,1.22
"P06","Laetia thamnia",0.00355377743515161,1.22
"P06","Chrysochlamys eclipes",0.00352932483812075,1.22
"P06","Tovomita stylosa",0.00295061337505707,1.22
"P06","Miconia elata",0.00197250949382268,1.22
"P06","Calycolpus warszewiczianus",0.00179726588176819,1.22
"P06","Psychotria marginata",0.00173205895635256,1.22
"P06","Pentagonia macrophylla",0.00132044023966642,1.22
"P06","Heisteria acuminata",0.00117780009031974,1.22
"P06","Crossopetalum parviflorum",0.00104331080665001,1.22
"P06","Cupania rufescens",0.000916972388657239,1.22
"P06","Sloanea terniflora",0.000916972388657239,1.22
"P06","Hybanthus prunifolius",0.000688748149702548,1.22
"P06","Piper cordulatum",0.000688748149702548,1.22
"P07","Anacardium excelsum",11.4349155311915,1.39
"P07","Tapirira guianensis",9.49225229412043,1.39
"P07","Jacaranda copaia",9.10651938226988,1.39
"P07","Copaifera aromatica",4.01432611855231,1.39
"P07","Vatairea erythrocarpa",3.52676645168911,1.39
"P07","Tetragastris panamensis",3.28965824046072,1.39
"P07","Platypodium elegans",2.91935561098606,1.39
"P07","Oenocarpus mapora",2.91103160665495,1.39
"P07","Aspidosperma spruceanum",2.87642817215628,1.39
"P07","Tabebuia guayacan",2.6714086009146,1.39
"P07","Trattinnickia aspera",2.34741751646483,1.39
"P07","Dipteryx oleifera",2.24101652616704,1.39
"P07","Virola sebifera",1.91397250187764,1.39
"P07","Laetia procera",1.90392367277839,1.39
"P07","Casearia arborea",1.78226143293198,1.39
"P07","Licania hypoleuca",1.7771697502164,1.39
"P07","Lindackeria laurina",1.59064375013885,1.39
"P07","Cordia bicolor",1.46942651508263,1.39
"P07","Heisteria concinna",1.42975554541512,1.39
"P07","Vochysia ferruginea",1.24739327232789,1.39
"P07","Protium panamense",1.10947628386642,1.39
"P07","Enterolobium schomburgkii",1.1035739335098,1.39
"P07","Xylopia macrantha",1.09646420581547,1.39
"P07","Oxandra longipetala",1.04564741849617,1.39
"P07","Alseis blackiana",1.03444295680225,1.39
"P07","Miconia poeppigii",1.01464196846386,1.39
"P07","Trichilia tuberculata",0.988679906053624,1.39
"P07","Myrcia gatunensis",0.964477164906908,1.39
"P07","Laxoplumeria tessmannii",0.932785234616874,1.39
"P07","Couratari guianensis",0.878325617387227,1.39
"P07","Pourouma bicolor",0.780524603383444,1.39
"P07","Brosimum guianense",0.745579653580674,1.39
"P07","Cupania seemannii",0.676169255260681,1.39
"P07","Apeiba membranacea",0.673937332010692,1.39
"P07","Trichospermum galeottii",0.658841665639821,1.39
"P07","Andira inermis",0.654022505237603,1.39
"P07","Tachigali versicolor",0.610829443393528,1.39
"P07","Inga sertulifera",0.594212481577147,1.39
"P07","Hieronyma alchorneoides",0.588461915800126,1.39
"P07","Inga cocleensis",0.58562975353082,1.39
"P07","Schizolobium parahyba",0.585557310890558,1.39
"P07","Ormosia coccinea",0.557477163665035,1.39
"P07","Amaioua corymbosa",0.541356951381881,1.39
"P07","Cupania scrobiculata",0.486811092913827,1.39
"P07","Hirtella americana",0.482968183330383,1.39
"P07","Inga laurina",0.457516669051524,1.39
"P07","Inga pezizifera",0.456868134938699,1.39
"P07","Perebea xanthochyma",0.432979311899787,1.39
"P07","Schefflera morototoni",0.429239891802432,1.39
"P07","Cinnamomum triplinerve",0.410594536058704,1.39
"P07","Ryania speciosa",0.404912963272409,1.39
"P07","Socratea exorrhiza",0.368322530640822,1.39
"P07","Hymenaea courbaril",0.361923430750976,1.39
"P07","Zanthoxylum ekmanii",0.353244112517633,1.39
"P07","Quassia amara",0.344768323606931,1.39
"P07","Neea delicatula",0.324046278842347,1.39
"P07","Pouteria torta",0.321286559213303,1.39
"P07","Matayba apetala",0.308329675554942,1.39
"P07","Pseudolmedia spuria",0.299067366549963,1.39
"P07","Nectandra cissiflora",0.278234933000217,1.39
"P07","Calophyllum longifolium",0.27432992972512,1.39
"P07","Protium tenuifolium",0.254504793839975,1.39
"P07","Lonchocarpus heptaphyllus",0.252907606104665,1.39
"P07","Inga thibaudiana",0.236356187629474,1.39
"P07","Cassipourea elliptica",0.233196308654219,1.39
"P07","Hirtella triandra",0.22043260536989,1.39
"P07","Astronium graveolens",0.212149996833222,1.39
"P07","Brosimum alicastrum",0.202025275444167,1.39
"P07","Maranthes panamensis",0.195146674268774,1.39
"P07","Nectandra purpurea",0.188889010009917,1.39
"P07","Celtis schippii",0.188109389214712,1.39
"P07","Maquira guianensis",0.181530907548978,1.39
"P07","Coutarea hexandra",0.17932658149528,1.39
"P07","Inga nobilis",0.167739208702831,1.39
"P07","Apeiba tibourbou",0.155041048759692,1.39
"P07","Annona spraguei",0.1492456375387,1.39
"P07","Eugenia oerstediana",0.143401931224199,1.39
"P07","Rinorea squamata",0.134601875257085,1.39
"P07","Sloanea terniflora",0.132538984834375,1.39
"P07","Cordia alliodora",0.128495995577825,1.39
"P07","Trema integerrima",0.103244560972073,1.39
"P07","Cecropia insignis",0.0955725404033303,1.39
"P07","Guarea guidonia",0.0905326024307886,1.39
"P07","Miconia elata",0.0832227950633583,1.39
"P07","Inga sapindoides",0.0745434768300149,1.39
"P07","Annona hayesii",0.0554738141933208,1.39
"P07","Garcinia madruno",0.049968173533378,1.39
"P07","Miconia affinis",0.0468807371983851,1.39
"P07","Croton billbergianus",0.0453456431547293,1.39
"P07","Cupania rufescens",0.0451904089255956,1.39
"P07","Swartzia simplex",0.0451628117293052,1.39
"P07","Zanthoxylum acuminatum",0.0448316453738199,1.39
"P07","Desmopsis panamensis",0.0423892935021159,1.39
"P07","Laetia thamnia",0.0409852861408398,1.39
"P07","Unonopsis peludo",0.0402367121914616,1.39
"P07","Astrocaryum standleyanum",0.039495037541156,1.39
"P07","Gustavia superba",0.039495037541156,1.39
"P07","Casearia commersoniana",0.0366870228186038,1.39
"P07","Faramea luteovirens",0.0228746260752385,1.39
"P07","Tovomita stylosa",0.022529661121608,1.39
"P07","Margaritaria nobilis",0.0209876677788797,1.39
"P07","Talisia nervosa",0.0207737895076288,1.39
"P07","Tabebuia rosea",0.0173896833125135,1.39
"P07","Casearia sylvestris",0.0169032827278945,1.39
"P07","Sorocea affinis",0.0166756058584984,1.39
"P07","Geonoma interrupta",0.0129637829574342,1.39
"P07","Guarea glabra",0.0119392370451516,1.39
"P07","Aulomyrcia zetekiana",0.0110009323712767,1.39
"P07","Miconia argentea",0.0103454989593787,1.39
"P07","Simarouba amara",0.00862412384076252,1.39
"P07","Rinorea sylvatica",0.00828260853666833,1.39
"P07","Coccoloba manzinellensis",0.0075754303817258,1.39
"P07","Heisteria acuminata",0.00705453330174374,1.39
"P07","Guarea bullata",0.00705108365220744,1.39
"P07","Faramea occidentalis",0.00610587967925987,1.39
"P07","Zanthoxylum panamense",0.00498129393042443,1.39
"P07","Bactris coloniata",0.00398779486396859,1.39
"P07","Aphelandra sinclairiana",0.00353244112517633,1.39
"P07","Stylogyne turbacensis",0.00331511320438911,1.39
"P07","Clidemia dentata",0.00258378750269245,1.39
"P07","Erythroxylum macrophyllum",0.00233196308654219,1.39
"P07","Lacistema aggregatum",0.00208703796946453,1.39
"P07","Ardisia standleyana",0.00166963037557162,1.39
"P07","Maytenus schippii",0.00166963037557162,1.39
"P07","Ouratea lucens",0.00157648983809139,1.39
"P07","Trophis racemosa",0.00152129544551051,1.39
"P07","Chrysophyllum argenteum",0.00124532348260611,1.39
"P07","Miconia serrulata",0.00124532348260611,1.39
"P07","Warszewiczia coccinea",0.00107974030486347,1.39
"P07","Miconia simplex",0.000996948715992147,1.39
"P24","Cavanillesia platanifolia",22.2322345707594,13.14
"P24","Anacardium excelsum",12.8400444554831,13.14
"P24","Attalea butyracea",9.96688362455852,13.14
"P24","Gustavia superba",8.38470934797626,13.14
"P24","Pittoniotis trichantha",5.02958610360634,13.14
"P24","Bursera simaruba",4.07370377821033,13.14
"P24","Astrocaryum standleyanum",3.9182786321482,13.14
"P24","Alseis blackiana",3.18409541127409,13.14
"P24","Pseudobombax septenatum",2.95598337761275,13.14
"P24","Chrysophyllum cainito",2.32395046174963,13.14
"P24","Protium tenuifolium",2.18846650498312,13.14
"P24","Spondias mombin",1.96095853693622,13.14
"P24","Tetrathylacium johansenii",1.92731348701512,13.14
"P24","Cryosophila warscewiczii",1.78009941889824,13.14
"P24","Calycophyllum candidissimum",1.53091532891888,13.14
"P24","Zuelania guidonia",1.2021022794533,13.14
"P24","Guarea guidonia",1.08230998062495,13.14
"P24","Spondias radlkoferi",1.00166487975629,13.14
"P24","Triplaris cumingiana",0.849501219744273,13.14
"P24","Turpinia occidentalis",0.822964476821113,13.14
"P24","Sapium glandulosum",0.805573006339973,13.14
"P24","Brosimum alicastrum",0.771960735173139,13.14
"P24","Brosimum guianense",0.766086314139593,13.14
"P24","Swartzia simplex",0.720973382902302,13.14
"P24","Oenocarpus mapora",0.659473415868363,13.14
"P24","Faramea occidentalis",0.581790109582185,13.14
"P24","Virola sebifera",0.523738935765629,13.14
"P24","Trichilia pleeana",0.513750781070887,13.14
"P24","Dendropanax arboreus",0.373839351138003,13.14
"P24","Eugenia oerstediana",0.369191792050084,13.14
"P24","Terminalia oblonga",0.320529389993002,13.14
"P24","Luehea seemannii",0.319201850444967,13.14
"P24","Astronium graveolens",0.310218130434717,13.14
"P24","Ormosia coccinea",0.286814099884169,13.14
"P24","Mabea occidentalis",0.258116300518616,13.14
"P24","Fissicalyx fendleri",0.255966950774178,13.14
"P24","Abarema macradenia",0.239753174107257,13.14
"P24","Trichilia tuberculata",0.233721883321121,13.14
"P24","Guazuma ulmifolia",0.229160953798065,13.14
"P24","Trophis racemosa",0.217842918215697,13.14
"P24","Lindackeria laurina",0.212453154477465,13.14
"P24","Adelia triloba",0.202776397948312,13.14
"P24","Hasseltia floribunda",0.167656304084945,13.14
"P24","Annona purpurea",0.141688506682371,13.14
"P24","Trichilia pallida",0.130951123318544,13.14
"P24","Coussarea curvigemmia",0.1283405296747,13.14
"P24","Vatairea erythrocarpa",0.109237539952619,13.14
"P24","Inga ruiziana",0.089029437943637,13.14
"P24","Myrcia gatunensis",0.0721928649455386,13.14
"P24","Pachira sessilis",0.0693036518903788,13.14
"P24","Inga laurina",0.0645179537665973,13.14
"P24","Bactris barronis",0.0626355167355208,13.14
"P24","Faramea luteovirens",0.0460260536777388,13.14
"P24","Vasconcellea cauliflora",0.0458902559814671,13.14
"P24","Celtis schippii",0.0445884711689316,13.14
"P24","Parmentiera cereifera",0.0371711073449883,13.14
"P24","Lacistema aggregatum",0.0356820153651815,13.14
"P24","Casearia commersoniana",0.03315570994661,13.14
"P24","Croton billbergianus",0.0315097482142135,13.14
"P24","Casearia aculeata",0.0309642160895358,13.14
"P24","Hirtella americana",0.0283302090497832,13.14
"P24","Alibertia edulis",0.0240994084090429,13.14
"P24","Rinorea sylvatica",0.0212593634852919,13.14
"P24","Piper reticulatum",0.0211329311473838,13.14
"P24","Bactris major",0.0166656552079634,13.14
"P24","Herrania purpurea",0.0160896856686042,13.14
"P24","Trophis caucana",0.0131700351987629,13.14
"P24","Bactris coloradonis",0.0119244425364088,13.14
"P24","Sorocea affinis",0.00868168720302449,13.14
"P24","Psychotria grandis",0.00842882252720824,13.14
"P24","Jacaranda copaia",0.00815020311589219,13.14
"P24","Inga sapindoides",0.00739629176762523,13.14
"P24","Cupania seemannii",0.00733541693826206,13.14
"P24","Rinorea squamata",0.00727922478808067,13.14
"P24","Miconia argentea",0.00526567273991426,13.14
"P24","Cupania rufescens",0.00413012303833204,13.14
"P24","Siparuna pauciflora",0.00286814099884169,13.14
"P24","Ocotea puberula",0.00277682875479694,13.14
"P24","Capparis frondosa",0.00271595392543377,13.14
"P24","Inga cocleensis",0.00254971881448049,13.14
"P24","Inga nobilis",0.00210954697139295,13.14
"P24","Casearia sylvestris",0.00210720563180206,13.14
"P24","Pseudosamanea guachapele",0.00183561023925868,13.14
"P24","Thevetia ahouai",0.000845223592311715,13.14
"P24","Psychotria marginata",0.000796055460903,13.14
"P24","Stylogyne turbacensis",0.000599382935268141,13.14
"P24","Alchornea costaricensis",0.000526801407950515,13.14
"P24","Eugenia venezuelensis",0.000395686390860609,13.14
"P24","Coccoloba acuminata",0.00033715290108833,13.14
"P24","Cupania scrobiculata",0.00033715290108833,13.14
"P24","Piper cordulatum",0.00033715290108833,13.14
"P24","Castilla elastica",0.000283302090497833,13.14
"P23","Attalea butyracea",19.7192989113221,22.36
"P23","Gustavia superba",15.9858859918612,22.36
"P23","Spondias radlkoferi",7.71023520442512,22.36
"P23","Swartzia simplex",7.27974273046772,22.36
"P23","Bursera simaruba",7.12649225104328,22.36
"P23","Spondias mombin",5.37610496899528,22.36
"P23","Tetrathylacium johansenii",4.99010907833489,22.36
"P23","Zuelania guidonia",3.25691615868904,22.36
"P23","Guazuma ulmifolia",3.01602855370403,22.36
"P23","Cryosophila warscewiczii",2.95589289190946,22.36
"P23","Pittoniotis trichantha",2.17576189061382,22.36
"P23","Calycophyllum candidissimum",1.82537694595234,22.36
"P23","Cojoba rufescens",1.48877544469002,22.36
"P23","Astrocaryum standleyanum",1.43525940425608,22.36
"P23","Luehea seemannii",1.40370468626073,22.36
"P23","Ficus insipida",1.35942518848004,22.36
"P23","Triplaris cumingiana",0.949178169250039,22.36
"P23","Elaeis oleifera",0.87972864667313,22.36
"P23","Faramea occidentalis",0.863057668529508,22.36
"P23","Protium tenuifolium",0.74375282155413,22.36
"P23","Cupania latifolia",0.733308926577248,22.36
"P23","Chrysophyllum cainito",0.702393570034063,22.36
"P23","Trichilia hirta",0.680473880434234,22.36
"P23","Anacardium excelsum",0.489614078751072,22.36
"P23","Terminalia oblonga",0.44866818184427,22.36
"P23","Guarea guidonia",0.4336565697021,22.36
"P23","Brosimum alicastrum",0.404397605386171,22.36
"P23","Astronium graveolens",0.393147817602132,22.36
"P23","Myrcia gatunensis",0.364287339028488,22.36
"P23","Cavanillesia platanifolia",0.324426869703281,22.36
"P23","Fissicalyx fendleri",0.285779700250103,22.36
"P23","Annona purpurea",0.25529554096536,22.36
"P23","Inga vera",0.25241395376929,22.36
"P23","Trophis racemosa",0.239356111273991,22.36
"P23","Cinnamomum triplinerve",0.233143896978232,22.36
"P23","Tabebuia rosea",0.233143896978232,22.36
"P23","Andira inermis",0.206620804922762,22.36
"P23","Zanthoxylum panamense",0.196414811881572,22.36
"P23","Alseis blackiana",0.191856016038873,22.36
"P23","Adelia triloba",0.185860887259432,22.36
"P23","Genipa americana",0.185860887259432,22.36
"P23","Virola sebifera",0.180998766448726,22.36
"P23","Hasseltia floribunda",0.171551085827554,22.36
"P23","Casearia commersoniana",0.160108002720766,22.36
"P23","Sloanea terniflora",0.153140449779184,22.36
"P23","Inga nobilis",0.137462712217076,22.36
"P23","Trichilia pleeana",0.137462712217076,22.36
"P23","Trophis caucana",0.132106944889808,22.36
"P23","Oenocarpus mapora",0.0997701242808634,22.36
"P23","Cecropia longipes",0.0974238164401003,22.36
"P23","Castilla elastica",0.078501691229992,22.36
"P23","Lindackeria laurina",0.0742372990327116,22.36
"P23","Cecropia obtusifolia",0.0684622295437865,22.36
"P23","Inga laurina",0.0660207609287466,22.36
"P23","Guarea grandifolia",0.0643822113466674,22.36
"P23","Inga sapindoides",0.0608107085370901,22.36
"P23","Picramnia latifolia",0.0497274521080357,22.36
"P23","Lacistema aggregatum",0.0405176734225563,22.36
"P23","Casearia sylvestris",0.0373030235165171,22.36
"P23","Guapira standleyana",0.0346861022239043,22.36
"P23","Solanum hayesii",0.033163529835475,22.36
"P23","Piper reticulatum",0.0230675664395427,22.36
"P23","Bactris major",0.0229872745362466,22.36
"P23","Sorocea affinis",0.0190975778876812,22.36
"P23","Posoqueria latifolia",0.00869828952374144,22.36
"P23","Turnera panamensis",0.0074344354903773,22.36
"P23","Capparis frondosa",0.00736901245806198,22.36
"P23","Chamaedorea tepejilote",0.00692889387703164,22.36
"P23","Acalypha diversifolia",0.00627168977968229,22.36
"P23","Eugenia oerstediana",0.0056531447468829,22.36
"P23","Cupania rufescens",0.00452311055234555,22.36
"P23","Cupania seemannii",0.00452311055234555,22.36
"P23","Herrania purpurea",0.00407109687453061,22.36
"P23","Ouratea lucens",0.00343768297075046,22.36
"P23","Rosenbergiodendron formosum",0.00285779700250103,22.36
"P23","Psidium friedrichsthalianum",0.00216788138899402,22.36
"P23","Cestrum megalophyllum",0.00202216645338263,22.36
"P23","Inga ruiziana",0.00171289393698293,22.36
"P23","Alibertia edulis",0.00131143442050256,22.36
"P23","Maclura tinctoria",0.00131143442050256,22.36
"P23","Trichilia tuberculata",0.000966476613749049,22.36
"P23","Coussarea curvigemmia",0.000963502839552898,22.36
"P23","Casearia aculeata",0.000669099194133957,22.36
"P23","Piper colonense",0.000669099194133957,22.36
"P23","Zanthoxylum acuminatum",0.00058285974244558,22.36
"P23","Palicourea guianensis",0.000502567839149505,22.36
"P23","Piper aequale",0.000428223484245732,22.36
"P23","Rinorea sylvatica",0.000428223484245732,22.36
"P23","Stylogyne turbacensis",0.000359826677734261,22.36
"P23","Hirtella americana",0.000297377419615092,22.36
"campochagres","Gustavia superba",22.857774161191,22.8
"campochagres","Brosimum alicastrum",9.10542930110794,22.8
"campochagres","Trichilia tuberculata",8.3144349619004,22.8
"campochagres","Anacardium excelsum",5.80556906667911,22.8
"campochagres","Manilkara zapota",5.1971601021855,22.8
"campochagres","Sterculia apetala",3.80062132974808,22.8
"campochagres","Oxandra panamensis",3.52686104018273,22.8
"campochagres","Terminalia oblonga",2.97378615772633,22.8
"campochagres","Alseis blackiana",2.86404497724388,22.8
"campochagres","Coccoloba coronata",2.6243969240405,22.8
"campochagres","Exostema mexicanum",2.50622551162941,22.8
"campochagres","Ficus aurea",2.46804062604369,22.8
"campochagres","Nectandra martinicensis",2.11226128415417,22.8
"campochagres","Calycophyllum candidissimum",1.95890248637895,22.8
"campochagres","Coccoloba johnstonii",1.93986513072577,22.8
"campochagres","Bursera simaruba",1.72584589437258,22.8
"campochagres","Guapira campochagres",1.52944314537994,22.8
"campochagres","Schizolobium parahyba",1.4603790686649,22.8
"campochagres","Astronium graveolens",1.38263781767091,22.8
"campochagres","Trophis racemosa",1.23203717599312,22.8
"campochagres","Guarea guidonia",1.18561201413285,22.8
"campochagres","Zanthoxylum panamense",1.02974200261052,22.8
"campochagres","Cinnamomum triplinerve",1.01546113653583,22.8
"campochagres","Spondias radlkoferi",0.924252029666666,22.8
"campochagres","Cecropia obtusifolia",0.876846696631285,22.8
"campochagres","Dendropanax arboreus",0.841089444304869,22.8
"campochagres","Luehea seemannii",0.832096943640119,22.8
"campochagres","Trichilia martiana",0.759096985772284,22.8
"campochagres","Pouteria foveolata",0.460087790664918,22.8
"campochagres","Trema micrantha",0.403754541887178,22.8
"campochagres","Heisteria concinna",0.382559290003512,22.8
"campochagres","Trichilia pleeana",0.345947237233679,22.8
"campochagres","Garcinia intermedia",0.315892453643127,22.8
"campochagres","Swartzia simplex",0.310805441226524,22.8
"campochagres","Tetrathylacium johansenii",0.283144098877541,22.8
"campochagres","Rauvolfia littoralis",0.270181525042253,22.8
"campochagres","Protium tenuifolium",0.251007401318133,22.8
"campochagres","Chrysophyllum cainito",0.240012768059246,22.8
"campochagres","Trophis caucana",0.238409542338703,22.8
"campochagres","Triplaris cumingiana",0.225462164955742,22.8
"campochagres","Pogonopus exsertus",0.220337161408321,22.8
"campochagres","Adelia triloba",0.219725504202142,22.8
"campochagres","Talisia croatii",0.212659153869892,22.8
"campochagres","Inga sapindoides",0.20980601994542,22.8
"campochagres","Matayba glaberrima",0.198503658526902,22.8
"campochagres","Capparis frondosa",0.167252154315566,22.8
"campochagres","Urera caracasana",0.165451374714767,22.8
"campochagres","Urera baccifera",0.149878810192245,22.8
"campochagres","Pittoniotis trichantha",0.148940429261027,22.8
"campochagres","Pouteria glomerata",0.140286049660563,22.8
"campochagres","Hirtella triandra",0.137242960081997,22.8
"campochagres","Cecropia longipes",0.135708118396928,22.8
"campochagres","Cavanillesia platanifolia",0.132851185359373,22.8
"campochagres","Pseudobombax septenatum",0.130024645226473,22.8
"campochagres","Vasconcellea cauliflora",0.124679293120304,22.8
"campochagres","Annona spraguei",0.113703655426826,22.8
"campochagres","Posoqueria latifolia",0.109194108198665,22.8
"campochagres","Faramea occidentalis",0.108973759639917,22.8
"campochagres","Platymiscium pinnatum",0.0843441095302537,22.8
"campochagres","Ficus yoponensis",0.0787784088653368,22.8
"campochagres","Cojoba rufescens",0.07446261640435,22.8
"campochagres","Ouratea prominens",0.0720919698412727,22.8
"campochagres","Terminalia amazonia",0.0547072283787061,22.8
"campochagres","Sorocea affinis",0.0545856567600867,22.8
"campochagres","Pouteria campechiana",0.0502432705075269,22.8
"campochagres","Cryosophila warscewiczii",0.0418852217274468,22.8
"campochagres","Coussarea curvigemmia",0.0294203317058819,22.8
"campochagres","Rinorea sylvatica",0.0200669152983559,22.8
"campochagres","Piper reticulatum",0.00914066607494214,22.8
"campochagres","Eugenia principium",0.00866577693971032,22.8
"campochagres","Crateva tapia",0.00602539334782138,22.8
"campochagres","Eugenia galalonensis",0.0030620851439748,22.8
"campochagres","Talisia nervosa",0.002978504656174,22.8
"campochagres","Annona acuminata",0.00230226252760388,22.8
"campochagres","Stylogyne turbacensis",0.00151964523274184,22.8
"campochagres","Piper arboreum",0.00137147982254951,22.8
"campochagres","Ficus insipida",0.00109794368065598,22.8
"campochagres","Oxandra longipetala",0.000854800443417283,22.8
